{"cameraMode":{"drawMode":0,"name":"Shaded","section":"Shading Mode"},"sceneLighting":true,"audioPlay":false,"sceneViewState":{"showFog":true,"showMaterialUpdate":false,"showSkybox":true,"showFlares":true,"showImageEffects":true,"showParticleSystems":true},"in2DMode":false,"pivot":{"x":16.429046630859376,"y":1822.15869140625,"z":-1063.166015625},"rotation":{"x":-0.017997367307543756,"y":0.014682816341519356,"z":0.00026476159109734,"w":0.9997382164001465},"size":12703.9765625,"orthographic":false}